{
  "results": {
    "global_mmlu_french_p1": {
      "acc_norm,none": 0.23009542800170915,
      "acc_norm_stderr,none": 0.003550071475433724,
      "acc,none": 0.23009542800170915,
      "acc_stderr,none": 0.003550071475433724,
      "alias": "global_mmlu_french_p1"
    },
    "global_mmlu_french_business_p1": {
      "alias": " - global_mmlu_french_business_p1",
      "acc,none": 0.2573018080667594,
      "acc_stderr,none": 0.016314184901931063,
      "acc_norm,none": 0.2573018080667594,
      "acc_norm_stderr,none": 0.016314184901931063
    },
    "global_mmlu_french_humanities_p1": {
      "alias": " - global_mmlu_french_humanities_p1",
      "acc,none": 0.24293304994686504,
      "acc_stderr,none": 0.006252832405653682,
      "acc_norm,none": 0.24293304994686504,
      "acc_norm_stderr,none": 0.006252832405653682
    },
    "global_mmlu_french_medical_p1": {
      "alias": " - global_mmlu_french_medical_p1",
      "acc,none": 0.24451827242524918,
      "acc_stderr,none": 0.011082652694262153,
      "acc_norm,none": 0.24451827242524918,
      "acc_norm_stderr,none": 0.011082652694262153
    },
    "global_mmlu_french_other_p1": {
      "alias": " - global_mmlu_french_other_p1",
      "acc,none": 0.23782559456398641,
      "acc_stderr,none": 0.014335808247581312,
      "acc_norm,none": 0.23782559456398641,
      "acc_norm_stderr,none": 0.014335808247581312
    },
    "global_mmlu_french_social_sciences_p1": {
      "alias": " - global_mmlu_french_social_sciences_p1",
      "acc,none": 0.21481962950926226,
      "acc_stderr,none": 0.007405059166784414,
      "acc_norm,none": 0.21481962950926226,
      "acc_norm_stderr,none": 0.007405059166784414
    },
    "global_mmlu_french_stem_p1": {
      "alias": " - global_mmlu_french_stem_p1",
      "acc,none": 0.210593085949889,
      "acc_stderr,none": 0.007262387415362082,
      "acc_norm,none": 0.210593085949889,
      "acc_norm_stderr,none": 0.007262387415362082
    }
  },
  "groups": {
    "global_mmlu_french_p1": {
      "acc_norm,none": 0.23009542800170915,
      "acc_norm_stderr,none": 0.003550071475433724,
      "acc,none": 0.23009542800170915,
      "acc_stderr,none": 0.003550071475433724,
      "alias": "global_mmlu_french_p1"
    }
  },
  "group_subtasks": {
    "global_mmlu_french_p1": [
      "global_mmlu_french_business_p1",
      "global_mmlu_french_humanities_p1",
      "global_mmlu_french_medical_p1",
      "global_mmlu_french_other_p1",
      "global_mmlu_french_stem_p1",
      "global_mmlu_french_social_sciences_p1"
    ]
  },
  "configs": {
    "global_mmlu_french_business_p1": {
      "task": "global_mmlu_french_business_p1",
      "tag": "global_mmlu_french_business",
      "dataset_path": "CohereForAI/Global-MMLU",
      "dataset_name": "fr",
      "test_split": "test",
      "fewshot_split": "dev",
      "process_docs": "functools.partial(<function process_docs at 0x40030377f420>, category='Business')",
      "doc_to_text": "Question à choix multiple : {{question.strip()}}\nChoix :\nA. {{option_a}}\nB. {{option_b}}\nC. {{option_c}}\nD. {{option_d}}\nRéponse :",
      "doc_to_target": "answer",
      "unsafe_code": false,
      "doc_to_choice": [
        "A",
        "B",
        "C",
        "D"
      ],
      "description": "",
      "target_delimiter": " ",
      "fewshot_delimiter": "\n\n",
      "fewshot_config": {
        "sampler": "first_n"
      },
      "num_fewshot": 0,
      "metric_list": [
        {
          "metric": "acc",
          "aggregation": "mean",
          "higher_is_better": true
        },
        {
          "metric": "acc_norm",
          "aggregation": "mean",
          "higher_is_better": true
        }
      ],
      "output_type": "multiple_choice",
      "repeats": 1,
      "should_decontaminate": false,
      "metadata": {
        "version": 1.0,
        "pretrained": "HPLT/hplt2c_fra_checkpoints"
      }
    },
    "global_mmlu_french_humanities_p1": {
      "task": "global_mmlu_french_humanities_p1",
      "tag": "global_mmlu_french_humanities",
      "dataset_path": "CohereForAI/Global-MMLU",
      "dataset_name": "fr",
      "test_split": "test",
      "fewshot_split": "dev",
      "process_docs": "functools.partial(<function process_docs at 0x40030377cf40>, category='Humanities')",
      "doc_to_text": "Question à choix multiple : {{question.strip()}}\nChoix :\nA. {{option_a}}\nB. {{option_b}}\nC. {{option_c}}\nD. {{option_d}}\nRéponse :",
      "doc_to_target": "answer",
      "unsafe_code": false,
      "doc_to_choice": [
        "A",
        "B",
        "C",
        "D"
      ],
      "description": "",
      "target_delimiter": " ",
      "fewshot_delimiter": "\n\n",
      "fewshot_config": {
        "sampler": "first_n"
      },
      "num_fewshot": 0,
      "metric_list": [
        {
          "metric": "acc",
          "aggregation": "mean",
          "higher_is_better": true
        },
        {
          "metric": "acc_norm",
          "aggregation": "mean",
          "higher_is_better": true
        }
      ],
      "output_type": "multiple_choice",
      "repeats": 1,
      "should_decontaminate": false,
      "metadata": {
        "version": 1.0,
        "pretrained": "HPLT/hplt2c_fra_checkpoints"
      }
    },
    "global_mmlu_french_medical_p1": {
      "task": "global_mmlu_french_medical_p1",
      "tag": "global_mmlu_french_medical",
      "dataset_path": "CohereForAI/Global-MMLU",
      "dataset_name": "fr",
      "test_split": "test",
      "fewshot_split": "dev",
      "process_docs": "functools.partial(<function process_docs at 0x40030377f740>, category='Medical')",
      "doc_to_text": "Question à choix multiple : {{question.strip()}}\nChoix :\nA. {{option_a}}\nB. {{option_b}}\nC. {{option_c}}\nD. {{option_d}}\nRéponse :",
      "doc_to_target": "answer",
      "unsafe_code": false,
      "doc_to_choice": [
        "A",
        "B",
        "C",
        "D"
      ],
      "description": "",
      "target_delimiter": " ",
      "fewshot_delimiter": "\n\n",
      "fewshot_config": {
        "sampler": "first_n"
      },
      "num_fewshot": 0,
      "metric_list": [
        {
          "metric": "acc",
          "aggregation": "mean",
          "higher_is_better": true
        },
        {
          "metric": "acc_norm",
          "aggregation": "mean",
          "higher_is_better": true
        }
      ],
      "output_type": "multiple_choice",
      "repeats": 1,
      "should_decontaminate": false,
      "metadata": {
        "version": 1.0,
        "pretrained": "HPLT/hplt2c_fra_checkpoints"
      }
    },
    "global_mmlu_french_other_p1": {
      "task": "global_mmlu_french_other_p1",
      "tag": "global_mmlu_french_other",
      "dataset_path": "CohereForAI/Global-MMLU",
      "dataset_name": "fr",
      "test_split": "test",
      "fewshot_split": "dev",
      "process_docs": "functools.partial(<function process_docs at 0x40030377d6c0>, category='Other')",
      "doc_to_text": "Question à choix multiple : {{question.strip()}}\nChoix :\nA. {{option_a}}\nB. {{option_b}}\nC. {{option_c}}\nD. {{option_d}}\nRéponse :",
      "doc_to_target": "answer",
      "unsafe_code": false,
      "doc_to_choice": [
        "A",
        "B",
        "C",
        "D"
      ],
      "description": "",
      "target_delimiter": " ",
      "fewshot_delimiter": "\n\n",
      "fewshot_config": {
        "sampler": "first_n"
      },
      "num_fewshot": 0,
      "metric_list": [
        {
          "metric": "acc",
          "aggregation": "mean",
          "higher_is_better": true
        },
        {
          "metric": "acc_norm",
          "aggregation": "mean",
          "higher_is_better": true
        }
      ],
      "output_type": "multiple_choice",
      "repeats": 1,
      "should_decontaminate": false,
      "metadata": {
        "version": 1.0,
        "pretrained": "HPLT/hplt2c_fra_checkpoints"
      }
    },
    "global_mmlu_french_social_sciences_p1": {
      "task": "global_mmlu_french_social_sciences_p1",