{
  "results": {
    "global_mmlu_french_p2": {
      "acc_norm,none": 0.23849878934624696,
      "acc_norm_stderr,none": 0.0035945260846566855,
      "acc,none": 0.23849878934624696,
      "acc_stderr,none": 0.0035945260846566855,
      "alias": "global_mmlu_french_p2"
    },
    "global_mmlu_french_business_p2": {
      "alias": " - global_mmlu_french_business_p2",
      "acc,none": 0.2712100139082058,
      "acc_stderr,none": 0.016591736300332536,
      "acc_norm,none": 0.2712100139082058,
      "acc_norm_stderr,none": 0.016591736300332536
    },
    "global_mmlu_french_humanities_p2": {
      "alias": " - global_mmlu_french_humanities_p2",
      "acc,none": 0.24867162592986186,
      "acc_stderr,none": 0.0063022315517049544,
      "acc_norm,none": 0.24867162592986186,
      "acc_norm_stderr,none": 0.0063022315517049544
    },
    "global_mmlu_french_medical_p2": {
      "alias": " - global_mmlu_french_medical_p2",
      "acc,none": 0.2578073089700997,
      "acc_stderr,none": 0.01127929697132541,
      "acc_norm,none": 0.2578073089700997,
      "acc_norm_stderr,none": 0.01127929697132541
    },
    "global_mmlu_french_other_p2": {
      "alias": " - global_mmlu_french_other_p2",
      "acc,none": 0.232163080407701,
      "acc_stderr,none": 0.014216633949101777,
      "acc_norm,none": 0.232163080407701,
      "acc_norm_stderr,none": 0.014216633949101777
    },
    "global_mmlu_french_social_sciences_p2": {
      "alias": " - global_mmlu_french_social_sciences_p2",
      "acc,none": 0.23139421514462138,
      "acc_stderr,none": 0.007603873925889864,
      "acc_norm,none": 0.23139421514462138,
      "acc_norm_stderr,none": 0.007603873925889864
    },
    "global_mmlu_french_stem_p2": {
      "alias": " - global_mmlu_french_stem_p2",
      "acc,none": 0.21535045987947987,
      "acc_stderr,none": 0.007321796594046193,
      "acc_norm,none": 0.21535045987947987,
      "acc_norm_stderr,none": 0.007321796594046193
    }
  },
  "groups": {
    "global_mmlu_french_p2": {
      "acc_norm,none": 0.23849878934624696,
      "acc_norm_stderr,none": 0.0035945260846566855,
      "acc,none": 0.23849878934624696,
      "acc_stderr,none": 0.0035945260846566855,
      "alias": "global_mmlu_french_p2"
    }
  },
  "group_subtasks": {
    "global_mmlu_french_p2": [
      "global_mmlu_french_business_p2",
      "global_mmlu_french_humanities_p2",
      "global_mmlu_french_medical_p2",
      "global_mmlu_french_other_p2",
      "global_mmlu_french_stem_p2",
      "global_mmlu_french_social_sciences_p2"
    ]
  },
  "configs": {
    "global_mmlu_french_business_p2": {
      "task": "global_mmlu_french_business_p2",
      "tag": "global_mmlu_french_business",
      "dataset_path": "CohereForAI/Global-MMLU",
      "dataset_name": "fr",
      "test_split": "test",
      "fewshot_split": "dev",
      "process_docs": "functools.partial(<function process_docs at 0x4001d132f420>, category='Business')",
      "doc_to_text": "Parmis les options suivantes :\nA. {{option_a}}\nB. {{option_b}}\nC. {{option_c}}\nD. {{option_d}}\nLaquelle répond à la question : {{question.strip()}} ?",
      "doc_to_target": "answer",
      "unsafe_code": false,
      "doc_to_choice": [
        "A",
        "B",
        "C",
        "D"
      ],
      "description": "",
      "target_delimiter": " ",
      "fewshot_delimiter": "\n\n",
      "fewshot_config": {
        "sampler": "first_n"
      },
      "num_fewshot": 0,
      "metric_list": [
        {
          "metric": "acc",
          "aggregation": "mean",
          "higher_is_better": true
        },
        {
          "metric": "acc_norm",
          "aggregation": "mean",
          "higher_is_better": true
        }
      ],
      "output_type": "multiple_choice",
      "repeats": 1,
      "should_decontaminate": false,
      "metadata": {
        "version": 1.0,
        "pretrained": "HPLT/hplt2c_fra_checkpoints"
      }
    },
    "global_mmlu_french_humanities_p2": {
      "task": "global_mmlu_french_humanities_p2",
      "tag": "global_mmlu_french_humanities",
      "dataset_path": "CohereForAI/Global-MMLU",
      "dataset_name": "fr",
      "test_split": "test",
      "fewshot_split": "dev",
      "process_docs": "functools.partial(<function process_docs at 0x4001d132cf40>, category='Humanities')",
      "doc_to_text": "Parmis les options suivantes :\nA. {{option_a}}\nB. {{option_b}}\nC. {{option_c}}\nD. {{option_d}}\nLaquelle répond à la question : {{question.strip()}} ?",
      "doc_to_target": "answer",
      "unsafe_code": false,
      "doc_to_choice": [
        "A",
        "B",
        "C",
        "D"
      ],
      "description": "",
      "target_delimiter": " ",
      "fewshot_delimiter": "\n\n",
      "fewshot_config": {
        "sampler": "first_n"
      },
      "num_fewshot": 0,
      "metric_list": [
        {
          "metric": "acc",
          "aggregation": "mean",
          "higher_is_better": true
        },
        {
          "metric": "acc_norm",
          "aggregation": "mean",
          "higher_is_better": true
        }
      ],
      "output_type": "multiple_choice",
      "repeats": 1,
      "should_decontaminate": false,
      "metadata": {
        "version": 1.0,
        "pretrained": "HPLT/hplt2c_fra_checkpoints"
      }
    },
    "global_mmlu_french_medical_p2": {
      "task": "global_mmlu_french_medical_p2",
      "tag": "global_mmlu_french_medical",
      "dataset_path": "CohereForAI/Global-MMLU",
      "dataset_name": "fr",
      "test_split": "test",
      "fewshot_split": "dev",
      "process_docs": "functools.partial(<function process_docs at 0x4001d132f740>, category='Medical')",
      "doc_to_text": "Parmis les options suivantes :\nA. {{option_a}}\nB. {{option_b}}\nC. {{option_c}}\nD. {{option_d}}\nLaquelle répond à la question : {{question.strip()}} ?",
      "doc_to_target": "answer",
      "unsafe_code": false,
      "doc_to_choice": [
        "A",
        "B",
        "C",
        "D"
      ],
      "description": "",
      "target_delimiter": " ",
      "fewshot_delimiter": "\n\n",
      "fewshot_config": {
        "sampler": "first_n"
      },
      "num_fewshot": 0,
      "metric_list": [
        {
          "metric": "acc",
          "aggregation": "mean",
          "higher_is_better": true
        },
        {
          "metric": "acc_norm",
          "aggregation": "mean",
          "higher_is_better": true
        }
      ],
      "output_type": "multiple_choice",
      "repeats": 1,
      "should_decontaminate": false,
      "metadata": {
        "version": 1.0,
        "pretrained": "HPLT/hplt2c_fra_checkpoints"
      }
    },
    "global_mmlu_french_other_p2": {
      "task": "global_mmlu_french_other_p2",
      "tag": "global_mmlu_french_other",
      "dataset_path": "CohereForAI/Global-MMLU",
      "dataset_name": "fr",
      "test_split": "test",
      "fewshot_split": "dev",
      "process_docs": "functools.partial(<function process_docs at 0x4001d132d6c0>, category='Other')",
      "doc_to_text": "Parmis les options suivantes :\nA. {{option_a}}\nB. {{option_b}}\nC. {{option_c}}\nD. {{option_d}}\nLaquelle répond à la question : {{question.strip()}} ?",
      "doc_to_target": "answer",
      "unsafe_code": false,
      "doc_to_choice": [
        "A",
        "B",
        "C",
        "D"
      ],
      "description": "",
      "target_delimiter": " ",
      "fewshot_delimiter": "\n\n",
      "fewshot_config": {
        "sampler": "first_n"
      },
      "num_fewshot": 0,
      "metric_list": [
        {
          "metric": "acc",
          "aggregation": "mean",
          "higher_is_better": true
        },
        {
          "metric": "acc_norm",
          "aggregation": "mean",
          "higher_is_better": true
        }
      ],
      "output_type": "multiple_choice",
      "repeats": 1,
      "should_decontaminate": false,
      "metadata": {
        "version": 1.0,
        "pretrained": "HPLT/hplt2c_fra_checkpoints"
      }
    },